TRAIN,/content/drive/MyDrive/TrainData/image07Mar22102845910672.jpg,SteamEngine1,0.803125,0.646875,,,0.96875,0.734375,,
TEST,/content/drive/MyDrive/TrainData/image07Mar22102846052785.jpg,SteamEngine1,0.728125,0.65625,,,0.875,0.734375,,
TRAIN,/content/drive/MyDrive/TrainData/image07Mar22102846195636.jpg,SteamEngine1,0.65,0.653125,,,0.79375,0.7375,,
VALIDATION,/content/drive/MyDrive/TrainData/image07Mar22102846342248.jpg,SteamEngine1,0.55625,0.65625,,,0.703125,0.734375,,
TRAIN,/content/drive/MyDrive/TrainData/image07Mar22102846626511.jpg,SteamEngine1,0.384375,0.653125,,,0.5375,0.7375,,
TRAIN,/content/drive/MyDrive/TrainData/image07Mar22102846769246.jpg,SteamEngine1,0.3,0.65625,,,0.440625,0.740625,,
TRAIN,/content/drive/MyDrive/TrainData/image07Mar22102846909758.jpg,SteamEngine1,0.2,0.659375,,,0.35,0.7375,,
VALIDATION,/content/drive/MyDrive/TrainData/image07Mar22102847197456.jpg,SteamEngine1,0.021875,0.659375,,,0.16875,0.740625,,
TRAIN,/content/drive/MyDrive/TrainData/image07Mar22102905907492.jpg,SteamEngine1,0.79375,0.65,,,0.953125,0.734375,,
TEST,/content/drive/MyDrive/TrainData/image07Mar22102906049443.jpg,SteamEngine1,0.70625,0.65625,,,0.8625,0.7375,,
TRAIN,/content/drive/MyDrive/TrainData/image07Mar22102906192577.jpg,SteamEngine1,0.6125,0.65,,,0.765625,0.7375,,
TRAIN,/content/drive/MyDrive/TrainData/image07Mar22102906335340.jpg,SteamEngine1,0.534375,0.653125,,,0.68125,0.73125,,
VALIDATION,/content/drive/MyDrive/TrainData/image07Mar22102906482969.jpg,SteamEngine1,0.440625,0.65,,,0.584375,0.734375,,
TRAIN,/content/drive/MyDrive/TrainData/image07Mar22102906621976.jpg,SteamEngine1,0.35,0.653125,,,0.496875,0.7375,,
TRAIN,/content/drive/MyDrive/TrainData/image07Mar22102906763661.jpg,SteamEngine1,0.24375,0.65,,,0.396875,0.7375,,
TRAIN,/content/drive/MyDrive/TrainData/image07Mar22102934140957.jpg,SteamEngine1,0.840625,0.65,,,0.984375,0.728125,,
TRAIN,/content/drive/MyDrive/TrainData/image07Mar22102934283427.jpg,SteamEngine1,0.734375,0.65,,,0.896875,0.7375,,
TRAIN,/content/drive/MyDrive/TrainData/image07Mar22102934424312.jpg,SteamEngine1,0.64375,0.65625,,,0.796875,0.734375,,
TRAIN,/content/drive/MyDrive/TrainData/image07Mar22102934710243.jpg,SteamEngine1,0.45625,0.65625,,,0.60625,0.734375,,
VALIDATION,/content/drive/MyDrive/TrainData/image07Mar22102934852667.jpg,SteamEngine1,0.365625,0.65,,,0.503125,0.734375,,
TRAIN,/content/drive/MyDrive/TrainData/image07Mar22102935000723.jpg,SteamEngine1,0.265625,0.65625,,,0.4,0.73125,,
TRAIN,/content/drive/MyDrive/TrainData/image07Mar22102935141560.jpg,SteamEngine1,0.16875,0.653125,,,0.3,0.73125,,
TRAIN,/content/drive/MyDrive/TrainData/image07Mar22102935281136.jpg,SteamEngine1,0.0625,0.65625,,,0.20625,0.7375,,
TRAIN,/content/drive/MyDrive/TrainData/image07Mar22102943565603.jpg,SteamEngine1,0.759375,0.653125,,,0.909375,0.73125,,
TRAIN,/content/drive/MyDrive/TrainData/image07Mar22102943708273.jpg,SteamEngine1,0.671875,0.65625,,,0.809375,0.734375,,
TRAIN,/content/drive/MyDrive/TrainData/image07Mar22102943854204.jpg,SteamEngine1,0.578125,0.653125,,,0.725,0.73125,,
TEST,/content/drive/MyDrive/TrainData/image07Mar22102943997360.jpg,SteamEngine1,0.478125,0.65625,,,0.621875,0.740625,,
TRAIN,/content/drive/MyDrive/TrainData/image07Mar22102944279659.jpg,SteamEngine1,0.284375,0.659375,,,0.425,0.7375,,
TRAIN,/content/drive/MyDrive/TrainData/image07Mar22102944423608.jpg,SteamEngine1,0.19375,0.65625,,,0.325,0.734375,,
TRAIN,/content/drive/MyDrive/TrainData/image07Mar22102944565513.jpg,SteamEngine1,0.075,0.65,,,0.23125,0.734375,,
TRAIN,/content/drive/MyDrive/TrainData/image07Mar22104159777166.jpg,SteamEngine1,0.3625,0.659375,,,0.503125,0.734375,,
VALIDATION,/content/drive/MyDrive/TrainData/image07Mar22104159922281.jpg,SteamEngine1,0.284375,0.659375,,,0.428125,0.734375,,
TRAIN,/content/drive/MyDrive/TrainData/image07Mar22104200065126.jpg,SteamEngine1,0.215625,0.65625,,,0.35,0.7375,,
VALIDATION,/content/drive/MyDrive/TrainData/image07Mar22104200211455.jpg,SteamEngine1,0.121875,0.659375,,,0.278125,0.740625,,
TRAIN,/content/drive/MyDrive/TrainData/image07Mar22104210918386.jpg,SteamEngine1,0.828125,0.65,,,0.9875,0.73125,,
TRAIN,/content/drive/MyDrive/TrainData/image07Mar22104211207049.jpg,SteamEngine1,0.69375,0.653125,,,0.8375,0.7375,,
TEST,/content/drive/MyDrive/TrainData/image07Mar22104211348959.jpg,SteamEngine1,0.615625,0.65,,,0.765625,0.734375,,
TRAIN,/content/drive/MyDrive/TrainData/image07Mar22104211633327.jpg,SteamEngine1,0.478125,0.65,,,0.615625,0.7375,,
TRAIN,/content/drive/MyDrive/TrainData/image07Mar22104211775320.jpg,SteamEngine1,0.396875,0.65,,,0.540625,0.7375,,
TRAIN,/content/drive/MyDrive/TrainData/image07Mar22104211918185.jpg,SteamEngine1,0.325,0.65625,,,0.465625,0.7375,,
VALIDATION,/content/drive/MyDrive/TrainData/image07Mar22104212067390.jpg,SteamEngine1,0.246875,0.653125,,,0.384375,0.7375,,
VALIDATION,/content/drive/MyDrive/TrainData/image07Mar22104212203813.jpg,SteamEngine1,0.171875,0.659375,,,0.309375,0.734375,,
TEST,/content/drive/MyDrive/TrainData/image07Mar22104212346716.jpg,SteamEngine1,0.0875,0.65,,,0.246875,0.7375,,
TRAIN,/content/drive/MyDrive/TrainData/image07Mar22104223060042.jpg,SteamEngine1,0.690625,0.653125,,,0.846875,0.740625,,
VALIDATION,/content/drive/MyDrive/TrainData/image07Mar22104223202374.jpg,SteamEngine1,0.615625,0.65625,,,0.76875,0.734375,,
VALIDATION,/content/drive/MyDrive/TrainData/image07Mar22104223344938.jpg,SteamEngine1,0.54375,0.65,,,0.684375,0.73125,,
TRAIN,/content/drive/MyDrive/TrainData/image07Mar22104223490155.jpg,SteamEngine1,0.4625,0.65,,,0.61875,0.734375,,
TRAIN,/content/drive/MyDrive/TrainData/image07Mar22104223630746.jpg,SteamEngine1,0.3875,0.65,,,0.528125,0.73125,,
TRAIN,/content/drive/MyDrive/TrainData/image07Mar22104223773749.jpg,SteamEngine1,0.3,0.65625,,,0.453125,0.7375,,
TRAIN,/content/drive/MyDrive/TrainData/image07Mar22104223916298.jpg,SteamEngine1,0.21875,0.659375,,,0.371875,0.7375,,
TRAIN,/content/drive/MyDrive/TrainData/image07Mar22104224059190.jpg,SteamEngine1,0.140625,0.65625,,,0.290625,0.734375,,
TEST,/content/drive/MyDrive/TrainData/image07Mar22104224210570.jpg,SteamEngine1,0.065625,0.65,,,0.2125,0.7375,,
TRAIN,/content/drive/MyDrive/TrainData/image07Mar22104234628993.jpg,SteamEngine1,0.79375,0.65,,,0.946875,0.73125,,
TEST,/content/drive/MyDrive/TrainData/image07Mar22104234772828.jpg,SteamEngine1,0.721875,0.653125,,,0.86875,0.728125,,
TRAIN,/content/drive/MyDrive/TrainData/image07Mar22104234916796.jpg,SteamEngine1,0.64375,0.65,,,0.796875,0.73125,,
TRAIN,/content/drive/MyDrive/TrainData/image07Mar22104235200266.jpg,SteamEngine1,0.49375,0.646875,,,0.646875,0.73125,,
TRAIN,/content/drive/MyDrive/TrainData/image07Mar22104235485922.jpg,SteamEngine1,0.3375,0.65,,,0.48125,0.734375,,
TRAIN,/content/drive/MyDrive/TrainData/image07Mar22104235635082.jpg,SteamEngine1,0.253125,0.65625,,,0.396875,0.7375,,
TRAIN,/content/drive/MyDrive/TrainData/image07Mar22104235775719.jpg,SteamEngine1,0.175,0.65625,,,0.325,0.7375,,
TRAIN,/content/drive/MyDrive/TrainData/image07Mar22104235915204.jpg,SteamEngine1,0.103125,0.65,,,0.259375,0.734375,,
TRAIN,/content/drive/MyDrive/TrainData/image07Mar22105100802415.jpg,SteamEngine1,0.85,0.653125,,,0.99375,0.73125,,
TEST,/content/drive/MyDrive/TrainData/image07Mar22105100943978.jpg,SteamEngine1,0.74375,0.653125,,,0.8875,0.734375,,
VALIDATION,/content/drive/MyDrive/TrainData/image07Mar22105101518418.jpg,SteamEngine1,0.328125,0.653125,,,0.453125,0.734375,,
TEST,/content/drive/MyDrive/TrainData/image07Mar22105101805191.jpg,SteamEngine1,0.090625,0.659375,,,0.2375,0.740625,,
TRAIN,/content/drive/MyDrive/TrainData/image07Mar22105109233345.jpg,SteamEngine1,0.775,0.653125,,,0.915625,0.73125,,
TRAIN,/content/drive/MyDrive/TrainData/image07Mar22105109375165.jpg,SteamEngine1,0.665625,0.65,,,0.809375,0.73125,,
VALIDATION,/content/drive/MyDrive/TrainData/image07Mar22105109523588.jpg,SteamEngine1,0.55625,0.653125,,,0.7,0.73125,,
TRAIN,/content/drive/MyDrive/TrainData/image07Mar22105109803699.jpg,SteamEngine1,0.340625,0.65625,,,0.48125,0.73125,,
TRAIN,/content/drive/MyDrive/TrainData/image07Mar22105109947451.jpg,SteamEngine1,0.228125,0.65,,,0.365625,0.7375,,
VALIDATION,/content/drive/MyDrive/TrainData/image07Mar22105110089373.jpg,SteamEngine1,0.103125,0.659375,,,0.259375,0.740625,,
TRAIN,/content/drive/MyDrive/TrainData/image07Mar22105117663928.jpg,SteamEngine1,0.665625,0.65625,,,0.796875,0.73125,,
TRAIN,/content/drive/MyDrive/TrainData/image07Mar22105117802540.jpg,SteamEngine1,0.559375,0.653125,,,0.696875,0.734375,,
TRAIN,/content/drive/MyDrive/TrainData/image07Mar22105117946235.jpg,SteamEngine1,0.440625,0.653125,,,0.590625,0.7375,,
TRAIN,/content/drive/MyDrive/TrainData/image07Mar22105118088021.jpg,SteamEngine1,0.325,0.653125,,,0.48125,0.734375,,
TRAIN,/content/drive/MyDrive/TrainData/image07Mar22105118232932.jpg,SteamEngine1,0.20625,0.659375,,,0.359375,0.7375,,
TEST,/content/drive/MyDrive/TrainData/image07Mar22105118378346.jpg,SteamEngine1,0.1,0.653125,,,0.25625,0.7375,,
TRAIN,/content/drive/MyDrive/TrainData/image07Mar22105125801299.jpg,SteamEngine1,0.803125,0.653125,,,0.940625,0.728125,,
TEST,/content/drive/MyDrive/TrainData/image07Mar22105125945132.jpg,SteamEngine1,0.6875,0.65625,,,0.834375,0.7375,,
VALIDATION,/content/drive/MyDrive/TrainData/image07Mar22105126093591.jpg,SteamEngine1,0.5875,0.653125,,,0.73125,0.734375,,
TRAIN,/content/drive/MyDrive/TrainData/image07Mar22105126230536.jpg,SteamEngine1,0.4875,0.65625,,,0.61875,0.73125,,
TRAIN,/content/drive/MyDrive/TrainData/image07Mar22105126373324.jpg,SteamEngine1,0.38125,0.65625,,,0.509375,0.734375,,
TRAIN,/content/drive/MyDrive/TrainData/image07Mar22105126515444.jpg,SteamEngine1,0.271875,0.659375,,,0.39375,0.734375,,
TRAIN,/content/drive/MyDrive/TrainData/image07Mar22105126657974.jpg,SteamEngine1,0.15,0.65625,,,0.284375,0.7375,,
TRAIN,/content/drive/MyDrive/TrainData/image07Mar22105126805287.jpg,SteamEngine1,0.040625,0.659375,,,0.178125,0.734375,,
TRAIN,/content/drive/MyDrive/TrainData/image07Mar22105134086257.jpg,SteamEngine1,0.8,0.65625,,,0.94375,0.7375,,
TRAIN,/content/drive/MyDrive/TrainData/image07Mar22105134229819.jpg,SteamEngine1,0.69375,0.653125,,,0.83125,0.734375,,
TRAIN,/content/drive/MyDrive/TrainData/image07Mar22105134371079.jpg,SteamEngine1,0.58125,0.65625,,,0.725,0.7375,,
TRAIN,/content/drive/MyDrive/TrainData/image07Mar22105134656717.jpg,SteamEngine1,0.36875,0.65625,,,0.5,0.7375,,
VALIDATION,/content/drive/MyDrive/TrainData/image07Mar22105134944233.jpg,SteamEngine1,0.11875,0.65625,,,0.278125,0.740625,,
TRAIN,/content/drive/MyDrive/TrainData/image07Mar22105135085311.jpg,SteamEngine1,0.015625,0.65625,,,0.165625,0.740625,,
TRAIN,/content/drive/MyDrive/TrainData/image07Mar22110531963101.jpg,SteamEngine1,0.803125,0.65625,,,0.953125,0.73125,,
TRAIN,/content/drive/MyDrive/TrainData/image07Mar22110532105858.jpg,SteamEngine1,0.70625,0.653125,,,0.840625,0.728125,,
TRAIN,/content/drive/MyDrive/TrainData/image07Mar22110532256414.jpg,SteamEngine1,0.603125,0.65625,,,0.74375,0.73125,,
VALIDATION,/content/drive/MyDrive/TrainData/image07Mar22110532392005.jpg,SteamEngine1,0.496875,0.65625,,,0.6375,0.734375,,
TEST,/content/drive/MyDrive/TrainData/image07Mar22110532535522.jpg,SteamEngine1,0.384375,0.65625,,,0.534375,0.7375,,
VALIDATION,/content/drive/MyDrive/TrainData/image07Mar22110532678032.jpg,SteamEngine1,0.28125,0.65625,,,0.425,0.7375,,
VALIDATION,/content/drive/MyDrive/TrainData/image07Mar22110532820172.jpg,SteamEngine1,0.175,0.65625,,,0.309375,0.740625,,
TRAIN,/content/drive/MyDrive/TrainData/image07Mar22110532965105.jpg,SteamEngine1,0.059375,0.65625,,,0.20625,0.740625,,
TRAIN,/content/drive/MyDrive/TrainData/image07Mar22110540533184.jpg,SteamEngine1,0.746875,0.653125,,,0.903125,0.73125,,
TRAIN,/content/drive/MyDrive/TrainData/image07Mar22110540675955.jpg,SteamEngine1,0.640625,0.653125,,,0.790625,0.73125,,
TRAIN,/content/drive/MyDrive/TrainData/image07Mar22110540827302.jpg,SteamEngine1,0.55625,0.65625,,,0.675,0.728125,,
TRAIN,/content/drive/MyDrive/TrainData/image07Mar22110540966970.jpg,SteamEngine1,0.440625,0.653125,,,0.58125,0.73125,,
TRAIN,/content/drive/MyDrive/TrainData/image07Mar22110541104455.jpg,SteamEngine1,0.334375,0.65625,,,0.46875,0.73125,,
TEST,/content/drive/MyDrive/TrainData/image07Mar22110541247923.jpg,SteamEngine1,0.234375,0.659375,,,0.359375,0.728125,,
TEST,/content/drive/MyDrive/TrainData/image07Mar22110541390490.jpg,SteamEngine1,0.1125,0.653125,,,0.25625,0.734375,,
TRAIN,/content/drive/MyDrive/TrainData/image07Mar22110541535708.jpg,SteamEngine1,0.015625,0.65625,,,0.15625,0.734375,,
TRAIN,/content/drive/MyDrive/TrainData/image07Mar22110548960511.jpg,SteamEngine1,0.746875,0.653125,,,0.9,0.73125,,
TRAIN,/content/drive/MyDrive/TrainData/image07Mar22110549103272.jpg,SteamEngine1,0.646875,0.65625,,,0.790625,0.734375,,
TRAIN,/content/drive/MyDrive/TrainData/image07Mar22110549245989.jpg,SteamEngine1,0.553125,0.659375,,,0.684375,0.734375,,
TRAIN,/content/drive/MyDrive/TrainData/image07Mar22110549388765.jpg,SteamEngine1,0.446875,0.65625,,,0.578125,0.73125,,
TRAIN,/content/drive/MyDrive/TrainData/image07Mar22110549537082.jpg,SteamEngine1,0.328125,0.65625,,,0.465625,0.734375,,
TRAIN,/content/drive/MyDrive/TrainData/image07Mar22110549674540.jpg,SteamEngine1,0.221875,0.659375,,,0.353125,0.73125,,
TRAIN,/content/drive/MyDrive/TrainData/image07Mar22110549817980.jpg,SteamEngine1,0.096875,0.6625,,,0.253125,0.7375,,
TRAIN,/content/drive/MyDrive/TrainData/image07Mar22110557512146.jpg,SteamEngine1,0.671875,0.65625,,,0.80625,0.734375,,
TEST,/content/drive/MyDrive/TrainData/image07Mar22110557675452.jpg,SteamEngine1,0.5625,0.65625,,,0.70625,0.7375,,
TEST,/content/drive/MyDrive/TrainData/image07Mar22110557817036.jpg,SteamEngine1,0.459375,0.65625,,,0.60625,0.73125,,
TRAIN,/content/drive/MyDrive/TrainData/image07Mar22110557958921.jpg,SteamEngine1,0.359375,0.659375,,,0.496875,0.73125,,
TRAIN,/content/drive/MyDrive/TrainData/image07Mar22110558101763.jpg,SteamEngine1,0.25,0.659375,,,0.3875,0.734375,,
TRAIN,/content/drive/MyDrive/TrainData/image07Mar22110558244564.jpg,SteamEngine1,0.134375,0.659375,,,0.275,0.7375,,
TRAIN,/content/drive/MyDrive/TrainData/image07Mar22110558394505.jpg,SteamEngine1,0.03125,0.6625,,,0.178125,0.740625,,
TRAIN,/content/drive/MyDrive/TrainData/image07Mar22111154736206.jpg,SteamEngine1,0.546875,0.65,,,0.696875,0.73125,,
TRAIN,/content/drive/MyDrive/TrainData/image07Mar22111154879822.jpg,SteamEngine1,0.515625,0.65,,,0.671875,0.728125,,
VALIDATION,/content/drive/MyDrive/TrainData/image07Mar22111155165664.jpg,SteamEngine1,0.446875,0.65,,,0.590625,0.734375,,
TRAIN,/content/drive/MyDrive/TrainData/image07Mar22111155307426.jpg,SteamEngine1,0.428125,0.65,,,0.575,0.740625,,
VALIDATION,/content/drive/MyDrive/TrainData/image07Mar22111308153509.jpg,SteamEngine1,0.528125,0.65625,,,0.678125,0.73125,,
TRAIN,/content/drive/MyDrive/TrainData/image07Mar22111308296332.jpg,SteamEngine1,0.490625,0.65,,,0.63125,0.73125,,
TRAIN,/content/drive/MyDrive/TrainData/image07Mar22111308439239.jpg,SteamEngine1,0.453125,0.653125,,,0.596875,0.734375,,
TRAIN,/content/drive/MyDrive/TrainData/image07Mar22111308582136.jpg,SteamEngine1,0.43125,0.65625,,,0.575,0.73125,,
TRAIN,/content/drive/MyDrive/TrainData/image07Mar22111308728458.jpg,SteamEngine1,0.428125,0.653125,,,0.571875,0.734375,,
TRAIN,/content/drive/MyDrive/TrainData/image07Mar22111308870675.jpg,SteamEngine1,0.434375,0.65625,,,0.578125,0.740625,,
TRAIN,/content/drive/MyDrive/TrainData/image07Mar22111332149929.jpg,SteamEngine1,0.521875,0.65,,,0.66875,0.734375,,
TRAIN,/content/drive/MyDrive/TrainData/image07Mar22111332292819.jpg,SteamEngine1,0.471875,0.653125,,,0.615625,0.7375,,
TRAIN,/content/drive/MyDrive/TrainData/image07Mar22111332435601.jpg,SteamEngine1,0.44375,0.646875,,,0.59375,0.734375,,
TRAIN,/content/drive/MyDrive/TrainData/image07Mar22111332585944.jpg,SteamEngine1,0.43125,0.65,,,0.56875,0.7375,,
TRAIN,/content/drive/MyDrive/TrainData/image07Mar22111332722609.jpg,SteamEngine1,0.415625,0.65625,,,0.559375,0.734375,,
TRAIN,/content/drive/MyDrive/TrainData/image07Mar22111332864163.jpg,SteamEngine1,0.4125,0.65,,,0.55625,0.734375,,
TRAIN,/content/drive/MyDrive/TrainData/image07Mar22111333006883.jpg,SteamEngine1,0.4125,0.65625,,,0.5625,0.7375,,
TRAIN,/content/drive/MyDrive/TrainData/image07Mar22111333149682.jpg,SteamEngine1,0.4125,0.65625,,,0.5625,0.7375,,
TRAIN,/content/drive/MyDrive/TrainData/image07Mar22111333294799.jpg,SteamEngine1,0.4125,0.653125,,,0.55625,0.7375,,
TRAIN,/content/drive/MyDrive/TrainData/image07Mar22111358145988.jpg,SteamEngine1,0.55625,0.653125,,,0.715625,0.73125,,
TRAIN,/content/drive/MyDrive/TrainData/image07Mar22111358288847.jpg,SteamEngine1,0.503125,0.65625,,,0.659375,0.73125,,
VALIDATION,/content/drive/MyDrive/TrainData/image07Mar22111358431583.jpg,SteamEngine1,0.453125,0.653125,,,0.60625,0.73125,,
TRAIN,/content/drive/MyDrive/TrainData/image07Mar22111358581948.jpg,SteamEngine1,0.396875,0.65,,,0.55625,0.734375,,
TRAIN,/content/drive/MyDrive/TrainData/image07Mar22111358720217.jpg,SteamEngine1,0.359375,0.65625,,,0.5,0.734375,,
TRAIN,/content/drive/MyDrive/TrainData/image07Mar22111358860175.jpg,SteamEngine1,0.321875,0.646875,,,0.465625,0.73125,,
TRAIN,/content/drive/MyDrive/TrainData/image07Mar22111359002967.jpg,SteamEngine1,0.30625,0.653125,,,0.453125,0.734375,,
TRAIN,/content/drive/MyDrive/TrainData/image07Mar22111359146465.jpg,SteamEngine1,0.309375,0.65,,,0.45625,0.7375,,
TRAIN,/content/drive/MyDrive/TrainData/image07Mar22111359290591.jpg,SteamEngine1,0.303125,0.65,,,0.453125,0.734375,,
TRAIN,/content/drive/MyDrive/TrainData/image07Mar22111359432438.jpg,SteamEngine1,0.30625,0.65625,,,0.459375,0.7375,,
TEST,/content/drive/MyDrive/TrainData/image07Mar22111359574209.jpg,SteamEngine1,0.3125,0.65,,,0.459375,0.734375,,
TRAIN,/content/drive/MyDrive/TrainData/image07Mar22112355537421.jpg,SteamEngine1,0.65,0.65,,,0.79375,0.73125,,
TRAIN,/content/drive/MyDrive/TrainData/image07Mar22112355681198.jpg,SteamEngine1,0.59375,0.65,,,0.75625,0.734375,,
TRAIN,/content/drive/MyDrive/TrainData/image07Mar22112355823641.jpg,SteamEngine1,0.559375,0.646875,,,0.71875,0.734375,,
TRAIN,/content/drive/MyDrive/TrainData/image07Mar22112355965786.jpg,SteamEngine1,0.521875,0.65,,,0.675,0.73125,,
TRAIN,/content/drive/MyDrive/TrainData/image07Mar22112356110769.jpg,SteamEngine1,0.478125,0.65,,,0.634375,0.73125,,
TRAIN,/content/drive/MyDrive/TrainData/image07Mar22112356254290.jpg,SteamEngine1,0.434375,0.65625,,,0.590625,0.7375,,
TEST,/content/drive/MyDrive/TrainData/image07Mar22112356400163.jpg,SteamEngine1,0.3875,0.65,,,0.55,0.7375,,
TRAIN,/content/drive/MyDrive/TrainData/image07Mar22112419962063.jpg,SteamEngine1,0.66875,0.65,,,0.828125,0.740625,,
TEST,/content/drive/MyDrive/TrainData/image07Mar22112420105612.jpg,SteamEngine1,0.603125,0.653125,,,0.759375,0.734375,,
VALIDATION,/content/drive/MyDrive/TrainData/image07Mar22112420247689.jpg,SteamEngine1,0.565625,0.65625,,,0.70625,0.734375,,
TRAIN,/content/drive/MyDrive/TrainData/image07Mar22112420390538.jpg,SteamEngine1,0.515625,0.653125,,,0.665625,0.734375,,
TRAIN,/content/drive/MyDrive/TrainData/image07Mar22112420539269.jpg,SteamEngine1,0.478125,0.65625,,,0.625,0.734375,,
TRAIN,/content/drive/MyDrive/TrainData/image07Mar22112420676160.jpg,SteamEngine1,0.446875,0.65625,,,0.596875,0.740625,,
TRAIN,/content/drive/MyDrive/TrainData/image07Mar22112420819024.jpg,SteamEngine1,0.425,0.65625,,,0.56875,0.7375,,
VALIDATION,/content/drive/MyDrive/TrainData/image07Mar22112420961985.jpg,SteamEngine1,0.4,0.65625,,,0.54375,0.73125,,
TRAIN,/content/drive/MyDrive/TrainData/image07Mar22112421104660.jpg,SteamEngine1,0.38125,0.653125,,,0.525,0.7375,,
TRAIN,/content/drive/MyDrive/TrainData/image07Mar22112421249712.jpg,SteamEngine1,0.36875,0.65,,,0.51875,0.7375,,
TRAIN,/content/drive/MyDrive/TrainData/image07Mar22112421394838.jpg,SteamEngine1,0.371875,0.653125,,,0.51875,0.734375,,
TEST,/content/drive/MyDrive/TrainData/image07Mar22112421538364.jpg,SteamEngine1,0.365625,0.65625,,,0.51875,0.734375,,
TRAIN,/content/drive/MyDrive/TrainData/image07Mar22112439816172.jpg,SteamEngine1,0.565625,0.65625,,,0.7125,0.73125,,
TRAIN,/content/drive/MyDrive/TrainData/image07Mar22112439959052.jpg,SteamEngine1,0.5,0.653125,,,0.659375,0.7375,,
VALIDATION,/content/drive/MyDrive/TrainData/image07Mar22112440102532.jpg,SteamEngine1,0.45625,0.65625,,,0.609375,0.734375,,
VALIDATION,/content/drive/MyDrive/TrainData/image07Mar22112440252530.jpg,SteamEngine1,0.41875,0.65625,,,0.55625,0.734375,,
TRAIN,/content/drive/MyDrive/TrainData/image07Mar22112440387322.jpg,SteamEngine1,0.384375,0.653125,,,0.525,0.73125,,
VALIDATION,/content/drive/MyDrive/TrainData/image07Mar22112440530166.jpg,SteamEngine1,0.35,0.65625,,,0.496875,0.734375,,
TRAIN,/content/drive/MyDrive/TrainData/image07Mar22112440673161.jpg,SteamEngine1,0.3375,0.65625,,,0.4875,0.740625,,
TRAIN,/content/drive/MyDrive/TrainData/image07Mar22112440815860.jpg,SteamEngine1,0.346875,0.653125,,,0.490625,0.7375,,
TRAIN,/content/drive/MyDrive/TrainData/image07Mar22112440962332.jpg,SteamEngine1,0.34375,0.653125,,,0.490625,0.7375,,
TRAIN,/content/drive/MyDrive/TrainData/image07Mar22112441104574.jpg,SteamEngine1,0.3375,0.653125,,,0.490625,0.7375,,
VALIDATION,/content/drive/MyDrive/TrainData/image07Mar22112441246449.jpg,SteamEngine1,0.3375,0.646875,,,0.490625,0.734375,,
TRAIN,/content/drive/MyDrive/TrainData/image07Mar22113610338988.jpg,SteamEngine1,0.346875,0.653125,,,0.490625,0.73125,,
TRAIN,/content/drive/MyDrive/TrainData/image07Mar22113630521722.jpg,SteamEngine1,0.121875,0.646875,,,0.26875,0.7375,,
TRAIN,/content/drive/MyDrive/TrainData/image07Mar22113639831141.jpg,SteamEngine1,0.21875,0.65625,,,0.365625,0.740625,,
VALIDATION,/content/drive/MyDrive/TrainData/image07Mar22113647710692.jpg,SteamEngine1,0.3,0.65,,,0.446875,0.734375,,
VALIDATION,/content/drive/MyDrive/TrainData/image07Mar22113654183017.jpg,SteamEngine1,0.384375,0.65,,,0.53125,0.734375,,
TRAIN,/content/drive/MyDrive/TrainData/image07Mar22113701405953.jpg,SteamEngine1,0.475,0.65625,,,0.621875,0.73125,,
TRAIN,/content/drive/MyDrive/TrainData/image07Mar22113708021170.jpg,SteamEngine1,0.56875,0.65,,,0.7125,0.734375,,
TRAIN,/content/drive/MyDrive/TrainData/image07Mar22113714802395.jpg,SteamEngine1,0.6375,0.65,,,0.7875,0.734375,,
TRAIN,/content/drive/MyDrive/TrainData/image07Mar22113721542612.jpg,SteamEngine1,0.696875,0.65,,,0.853125,0.734375,,
TRAIN,/content/drive/MyDrive/TrainData/image07Mar22113728240414.jpg,SteamEngine1,0.828125,0.65,,,0.975,0.73125,,
VALIDATION,/content/drive/MyDrive/TrainData/image07Mar22113735525633.jpg,SteamEngine1,0.765625,0.646875,,,0.925,0.73125,,
TRAIN,/content/drive/MyDrive/TrainData/image07Mar22113742941015.jpg,SteamEngine1,0.703125,0.65,,,0.853125,0.7375,,
TRAIN,/content/drive/MyDrive/TrainData/image07Mar22113749639482.jpg,SteamEngine1,0.621875,0.65,,,0.784375,0.734375,,
TRAIN,/content/drive/MyDrive/TrainData/image07Mar22113756089631.jpg,SteamEngine1,0.56875,0.65,,,0.7125,0.7375,,
TRAIN,/content/drive/MyDrive/TrainData/image07Mar22113802748418.jpg,SteamEngine1,0.496875,0.65,,,0.646875,0.73125,,
TEST,/content/drive/MyDrive/TrainData/image07Mar22113809297045.jpg,SteamEngine1,0.415625,0.653125,,,0.571875,0.73125,,
TRAIN,/content/drive/MyDrive/TrainData/image07Mar22113816410703.jpg,SteamEngine1,0.346875,0.65625,,,0.5,0.734375,,
TRAIN,/content/drive/MyDrive/TrainData/image07Mar22113823302324.jpg,SteamEngine1,0.278125,0.65,,,0.43125,0.734375,,
TRAIN,/content/drive/MyDrive/TrainData/image07Mar22113830311758.jpg,SteamEngine1,0.196875,0.65,,,0.353125,0.7375,,
TRAIN,/content/drive/MyDrive/TrainData/image07Mar22113837078301.jpg,SteamEngine1,0.15625,0.65,,,0.3125,0.740625,,
TRAIN,/content/drive/MyDrive/TrainData/image07Mar22113841065230.jpg,SteamEngine1,0.1625,0.65625,,,0.309375,0.7375,,
TRAIN,/content/drive/MyDrive/TrainData/image07Mar22113847941078.jpg,SteamEngine1,0.115625,0.653125,,,0.26875,0.7375,,
TRAIN,/content/drive/MyDrive/TrainData/image07Mar22113919543843.jpg,SteamEngine1,0.11875,0.65,,,0.265625,0.7375,,
TRAIN,/content/drive/MyDrive/TrainData/image07Mar22113928128694.jpg,SteamEngine1,0.153125,0.65,,,0.3,0.740625,,
TRAIN,/content/drive/MyDrive/TrainData/image07Mar22113936391507.jpg,SteamEngine1,0.203125,0.659375,,,0.35,0.740625,,
TRAIN,/content/drive/MyDrive/TrainData/image07Mar22113943646173.jpg,SteamEngine1,0.259375,0.659375,,,0.40625,0.740625,,
TRAIN,/content/drive/MyDrive/TrainData/image07Mar22113950102337.jpg,SteamEngine1,0.3375,0.653125,,,0.48125,0.734375,,
TRAIN,/content/drive/MyDrive/TrainData/image07Mar22113957036804.jpg,SteamEngine1,0.41875,0.65625,,,0.571875,0.7375,,
TRAIN,/content/drive/MyDrive/TrainData/image07Mar22114004648087.jpg,SteamEngine1,0.490625,0.65625,,,0.634375,0.73125,,
TRAIN,/content/drive/MyDrive/TrainData/image07Mar22114011526813.jpg,SteamEngine1,0.671875,0.65,,,0.834375,0.7375,,
TRAIN,/content/drive/MyDrive/TrainData/image07Mar22114221638423.jpg,SteamEngine1,0.675,0.653125,,,0.834375,0.734375,,
TRAIN,/content/drive/MyDrive/TrainData/image07Mar22114231249150.jpg,SteamEngine1,0.60625,0.65,,,0.759375,0.740625,,
TEST,/content/drive/MyDrive/TrainData/image07Mar22114237285055.jpg,SteamEngine1,0.575,0.65,,,0.728125,0.7375,,
TRAIN,/content/drive/MyDrive/TrainData/image07Mar22114243983349.jpg,SteamEngine1,0.54375,0.653125,,,0.6875,0.734375,,
TRAIN,/content/drive/MyDrive/TrainData/image07Mar22114250164648.jpg,SteamEngine1,0.503125,0.65,,,0.653125,0.734375,,
TRAIN,/content/drive/MyDrive/TrainData/image07Mar22114256346592.jpg,SteamEngine1,0.453125,0.653125,,,0.603125,0.734375,,
TRAIN,/content/drive/MyDrive/TrainData/image07Mar22114302711236.jpg,SteamEngine1,0.36875,0.653125,,,0.525,0.7375,,
TRAIN,/content/drive/MyDrive/TrainData/image07Mar22114308889529.jpg,SteamEngine1,0.321875,0.65,,,0.471875,0.7375,,
TRAIN,/content/drive/MyDrive/TrainData/image07Mar22114314993185.jpg,SteamEngine1,0.246875,0.65,,,0.39375,0.7375,,
TRAIN,/content/drive/MyDrive/TrainData/image07Mar22114322654121.jpg,SteamEngine1,0.18125,0.653125,,,0.334375,0.740625,,
TEST,/content/drive/MyDrive/TrainData/image07Mar22114329075355.jpg,SteamEngine1,0.125,0.653125,,,0.271875,0.7375,,
TRAIN,/content/drive/MyDrive/TrainData/image07Mar22114336070803.jpg,SteamEngine1,0.103125,0.65,,,0.2625,0.7375,,
TRAIN,/content/drive/MyDrive/TrainData/image07Mar22114349088109.jpg,SteamEngine1,0.809375,0.64375,,,0.96875,0.734375,,
VALIDATION,/content/drive/MyDrive/TrainData/image07Mar22114354478879.jpg,SteamEngine1,0.765625,0.65,,,0.921875,0.7375,,
TRAIN,/content/drive/MyDrive/TrainData/image07Mar22114359993243.jpg,SteamEngine1,0.73125,0.65,,,0.896875,0.734375,,
TRAIN,/content/drive/MyDrive/TrainData/image07Mar22114414875090.jpg,SteamEngine1,0.684375,0.65,,,0.840625,0.7375,,
TRAIN,/content/drive/MyDrive/TrainData/image07Mar22114421523866.jpg,SteamEngine1,0.65625,0.65,,,0.80625,0.7375,,
TRAIN,/content/drive/MyDrive/TrainData/image07Mar22114510510314.jpg,SteamEngine1,0.653125,0.646875,,,0.809375,0.73125,,
TRAIN,/content/drive/MyDrive/TrainData/image07Mar22114517820674.jpg,SteamEngine1,0.609375,0.65,,,0.771875,0.73125,,
TRAIN,/content/drive/MyDrive/TrainData/image07Mar22114523935249.jpg,SteamEngine1,0.55,0.653125,,,0.7,0.7375,,
TRAIN,/content/drive/MyDrive/TrainData/image07Mar22114537527956.jpg,SteamEngine1,0.290625,0.653125,,,0.4375,0.734375,,
TRAIN,/content/drive/MyDrive/TrainData/image07Mar22114540281622.jpg,SteamEngine1,0.290625,0.653125,,,0.44375,0.7375,,
TRAIN,/content/drive/MyDrive/TrainData/image07Mar22114543272448.jpg,SteamEngine1,0.290625,0.653125,,,0.440625,0.734375,,
TRAIN,/content/drive/MyDrive/TrainData/image07Mar22114550446886.jpg,SteamEngine1,0.265625,0.653125,,,0.415625,0.7375,,
VALIDATION,/content/drive/MyDrive/TrainData/image07Mar22114553559022.jpg,SteamEngine1,0.26875,0.65,,,0.409375,0.7375,,
TRAIN,/content/drive/MyDrive/TrainData/image07Mar22114559985532.jpg,SteamEngine1,0.234375,0.65,,,0.38125,0.7375,,
TRAIN,/content/drive/MyDrive/TrainData/image07Mar22114603770900.jpg,SteamEngine1,0.2375,0.65,,,0.375,0.734375,,
TRAIN,/content/drive/MyDrive/TrainData/image07Mar22114611777659.jpg,SteamEngine1,0.215625,0.65,,,0.35625,0.7375,,
TRAIN,/content/drive/MyDrive/TrainData/image07Mar22114621419773.jpg,SteamEngine1,0.153125,0.65,,,0.3,0.7375,,
TEST,/content/drive/MyDrive/TrainData/image07Mar22114628888730.jpg,SteamEngine1,0.140625,0.653125,,,0.2875,0.7375,,
TRAIN,/content/drive/MyDrive/TrainData/image07Mar22131924949704.jpg,DieseEngine1,0.08125,0.721875,,,0.378125,0.81875,,
TRAIN,/content/drive/MyDrive/TrainData/image07Mar22131925091396.jpg,DieseEngine1,0.171875,0.725,,,0.45625,0.821875,,
TRAIN,/content/drive/MyDrive/TrainData/image07Mar22131925234281.jpg,DieseEngine1,0.265625,0.725,,,0.55,0.815625,,
TRAIN,/content/drive/MyDrive/TrainData/image07Mar22131925389785.jpg,DieseEngine1,0.3625,0.728125,,,0.6375,0.81875,,
VALIDATION,/content/drive/MyDrive/TrainData/image07Mar22131925520183.jpg,DieseEngine1,0.446875,0.728125,,,0.734375,0.81875,,
VALIDATION,/content/drive/MyDrive/TrainData/image07Mar22131925662826.jpg,DieseEngine1,0.5375,0.728125,,,0.821875,0.825,,
TEST,/content/drive/MyDrive/TrainData/image07Mar22132021514415.jpg,DieseEngine1,0.096875,0.728125,,,0.390625,0.825,,
VALIDATION,/content/drive/MyDrive/TrainData/image07Mar22132021657317.jpg,DieseEngine1,0.209375,0.73125,,,0.5,0.821875,,
TRAIN,/content/drive/MyDrive/TrainData/image07Mar22132021800105.jpg,DieseEngine1,0.321875,0.728125,,,0.609375,0.821875,,
TRAIN,/content/drive/MyDrive/TrainData/image07Mar22132021943020.jpg,DieseEngine1,0.43125,0.728125,,,0.709375,0.821875,,
TRAIN,/content/drive/MyDrive/TrainData/image07Mar22132022091939.jpg,DieseEngine1,0.534375,0.73125,,,0.815625,0.825,,
TRAIN,/content/drive/MyDrive/TrainData/image07Mar22132022230897.jpg,DieseEngine1,0.634375,0.73125,,,0.91875,0.825,,
TRAIN,/content/drive/MyDrive/TrainData/image07Mar22132032372733.jpg,DieseEngine1,0.01875,0.725,,,0.31875,0.821875,,
TRAIN,/content/drive/MyDrive/TrainData/image07Mar22132032513338.jpg,DieseEngine1,0.14375,0.728125,,,0.4375,0.821875,,
TRAIN,/content/drive/MyDrive/TrainData/image07Mar22132032656096.jpg,DieseEngine1,0.259375,0.728125,,,0.54375,0.821875,,
TRAIN,/content/drive/MyDrive/TrainData/image07Mar22132032799024.jpg,DieseEngine1,0.375,0.73125,,,0.65,0.815625,,
TRAIN,/content/drive/MyDrive/TrainData/image07Mar22132032941770.jpg,DieseEngine1,0.484375,0.728125,,,0.76875,0.81875,,
TRAIN,/content/drive/MyDrive/TrainData/image07Mar22132033086662.jpg,DieseEngine1,0.590625,0.73125,,,0.878125,0.81875,,
TEST,/content/drive/MyDrive/TrainData/image07Mar22132033227664.jpg,DieseEngine1,0.690625,0.73125,,,0.978125,0.825,,
TRAIN,/content/drive/MyDrive/TrainData/image07Mar22132043371615.jpg,DieseEngine1,0.046875,0.73125,,,0.334375,0.81875,,
TRAIN,/content/drive/MyDrive/TrainData/image07Mar22132043656588.jpg,DieseEngine1,0.278125,0.728125,,,0.565625,0.815625,,
TRAIN,/content/drive/MyDrive/TrainData/image07Mar22132043797972.jpg,DieseEngine1,0.396875,0.73125,,,0.678125,0.821875,,
TRAIN,/content/drive/MyDrive/TrainData/image07Mar22132043943795.jpg,DieseEngine1,0.503125,0.73125,,,0.7875,0.815625,,
TRAIN,/content/drive/MyDrive/TrainData/image07Mar22132044085760.jpg,DieseEngine1,0.609375,0.728125,,,0.896875,0.81875,,
TRAIN,/content/drive/MyDrive/TrainData/image07Mar22132054084855.jpg,DieseEngine1,0.03125,0.73125,,,0.328125,0.821875,,
TRAIN,/content/drive/MyDrive/TrainData/image07Mar22132054226028.jpg,DieseEngine1,0.15,0.73125,,,0.446875,0.821875,,
TRAIN,/content/drive/MyDrive/TrainData/image07Mar22132054368408.jpg,DieseEngine1,0.278125,0.73125,,,0.55625,0.815625,,
TRAIN,/content/drive/MyDrive/TrainData/image07Mar22132054511247.jpg,DieseEngine1,0.3875,0.73125,,,0.678125,0.825,,
TRAIN,/content/drive/MyDrive/TrainData/image07Mar22132054658088.jpg,DieseEngine1,0.496875,0.73125,,,0.7875,0.821875,,
TRAIN,/content/drive/MyDrive/TrainData/image07Mar22132054798943.jpg,DieseEngine1,0.603125,0.73125,,,0.890625,0.81875,,
TRAIN,/content/drive/MyDrive/TrainData/image07Mar22132831063456.jpg,DieseEngine1,0.059375,0.73125,,,0.353125,0.821875,,
TRAIN,/content/drive/MyDrive/TrainData/image07Mar22132831206128.jpg,DieseEngine1,0.15,0.73125,,,0.44375,0.81875,,
TEST,/content/drive/MyDrive/TrainData/image07Mar22132831351173.jpg,DieseEngine1,0.240625,0.73125,,,0.528125,0.815625,,
TRAIN,/content/drive/MyDrive/TrainData/image07Mar22132831492010.jpg,DieseEngine1,0.328125,0.73125,,,0.615625,0.81875,,
TRAIN,/content/drive/MyDrive/TrainData/image07Mar22132831634654.jpg,DieseEngine1,0.415625,0.73125,,,0.70625,0.815625,,
TRAIN,/content/drive/MyDrive/TrainData/image07Mar22132831777457.jpg,DieseEngine1,0.496875,0.73125,,,0.784375,0.815625,,
TRAIN,/content/drive/MyDrive/TrainData/image07Mar22132831920381.jpg,DieseEngine1,0.5875,0.734375,,,0.875,0.821875,,
TRAIN,/content/drive/MyDrive/TrainData/image07Mar22132832070748.jpg,DieseEngine1,0.66875,0.73125,,,0.959375,0.825,,
TRAIN,/content/drive/MyDrive/TrainData/image07Mar22132845086491.jpg,DieseEngine1,0.134375,0.728125,,,0.43125,0.825,,
TEST,/content/drive/MyDrive/TrainData/image07Mar22132845351265.jpg,DieseEngine1,0.225,0.734375,,,0.5125,0.825,,
TRAIN,/content/drive/MyDrive/TrainData/image07Mar22132845490022.jpg,DieseEngine1,0.30625,0.73125,,,0.596875,0.821875,,
TRAIN,/content/drive/MyDrive/TrainData/image07Mar22132845632731.jpg,DieseEngine1,0.396875,0.734375,,,0.68125,0.81875,,
TRAIN,/content/drive/MyDrive/TrainData/image07Mar22132845775742.jpg,DieseEngine1,0.48125,0.73125,,,0.76875,0.815625,,
TRAIN,/content/drive/MyDrive/TrainData/image07Mar22132845918497.jpg,DieseEngine1,0.565625,0.73125,,,0.853125,0.81875,,
TRAIN,/content/drive/MyDrive/TrainData/image07Mar22132846064776.jpg,DieseEngine1,0.653125,0.73125,,,0.94375,0.821875,,
TRAIN,/content/drive/MyDrive/TrainData/image07Mar22132859059614.jpg,DieseEngine1,0.034375,0.73125,,,0.325,0.81875,,
TEST,/content/drive/MyDrive/TrainData/image07Mar22132859202593.jpg,DieseEngine1,0.128125,0.728125,,,0.425,0.815625,,
TRAIN,/content/drive/MyDrive/TrainData/image07Mar22132859352587.jpg,DieseEngine1,0.228125,0.73125,,,0.50625,0.821875,,
VALIDATION,/content/drive/MyDrive/TrainData/image07Mar22132859631075.jpg,DieseEngine1,0.40625,0.734375,,,0.690625,0.81875,,
TRAIN,/content/drive/MyDrive/TrainData/image07Mar22132859773826.jpg,DieseEngine1,0.4875,0.73125,,,0.775,0.821875,,
TRAIN,/content/drive/MyDrive/TrainData/image07Mar22132859916678.jpg,DieseEngine1,0.565625,0.7375,,,0.85625,0.821875,,
TRAIN,/content/drive/MyDrive/TrainData/image07Mar22132900061815.jpg,DieseEngine1,0.653125,0.7375,,,0.946875,0.825,,
VALIDATION,/content/drive/MyDrive/TrainData/image07Mar22132912915059.jpg,DieseEngine1,0.0625,0.73125,,,0.353125,0.815625,,
TRAIN,/content/drive/MyDrive/TrainData/image07Mar22132913057695.jpg,DieseEngine1,0.153125,0.73125,,,0.440625,0.8125,,
VALIDATION,/content/drive/MyDrive/TrainData/image07Mar22132913200618.jpg,DieseEngine1,0.253125,0.73125,,,0.5375,0.8125,,
TRAIN,/content/drive/MyDrive/TrainData/image07Mar22132913345627.jpg,DieseEngine1,0.346875,0.73125,,,0.625,0.821875,,
TRAIN,/content/drive/MyDrive/TrainData/image07Mar22132913486313.jpg,DieseEngine1,0.428125,0.73125,,,0.715625,0.81875,,
VALIDATION,/content/drive/MyDrive/TrainData/image07Mar22132913629868.jpg,DieseEngine1,0.50625,0.728125,,,0.803125,0.81875,,
TRAIN,/content/drive/MyDrive/TrainData/image07Mar22132913771944.jpg,DieseEngine1,0.596875,0.7375,,,0.884375,0.825,,
TRAIN,/content/drive/MyDrive/TrainData/image07Mar22132913916397.jpg,DieseEngine1,0.6875,0.73125,,,0.975,0.825,,
TEST,/content/drive/MyDrive/TrainData/image07Mar22134337851405.jpg,DieseEngine1,0.00625,0.728125,,,0.309375,0.821875,,
TRAIN,/content/drive/MyDrive/TrainData/image07Mar22134337991305.jpg,DieseEngine1,0.1375,0.734375,,,0.434375,0.821875,,
TRAIN,/content/drive/MyDrive/TrainData/image07Mar22134338134915.jpg,DieseEngine1,0.259375,0.73125,,,0.54375,0.81875,,
TRAIN,/content/drive/MyDrive/TrainData/image07Mar22134338279637.jpg,DieseEngine1,0.384375,0.734375,,,0.66875,0.825,,
TRAIN,/content/drive/MyDrive/TrainData/image07Mar22134338420086.jpg,DieseEngine1,0.50625,0.73125,,,0.790625,0.821875,,
TRAIN,/content/drive/MyDrive/TrainData/image07Mar22134338569323.jpg,DieseEngine1,0.628125,0.73125,,,0.915625,0.825,,
TRAIN,/content/drive/MyDrive/TrainData/image07Mar22134347562244.jpg,DieseEngine1,0.003125,0.725,,,0.303125,0.815625,,
TRAIN,/content/drive/MyDrive/TrainData/image07Mar22134347704381.jpg,DieseEngine1,0.1375,0.734375,,,0.43125,0.821875,,
TRAIN,/content/drive/MyDrive/TrainData/image07Mar22134347851201.jpg,DieseEngine1,0.26875,0.73125,,,0.55625,0.821875,,
VALIDATION,/content/drive/MyDrive/TrainData/image07Mar22134347988614.jpg,DieseEngine1,0.403125,0.73125,,,0.6875,0.821875,,
TEST,/content/drive/MyDrive/TrainData/image07Mar22134348132311.jpg,DieseEngine1,0.51875,0.73125,,,0.803125,0.825,,
TRAIN,/content/drive/MyDrive/TrainData/image07Mar22134348276515.jpg,DieseEngine1,0.628125,0.73125,,,0.91875,0.825,,
TRAIN,/content/drive/MyDrive/TrainData/image07Mar22134357273992.jpg,DieseEngine1,0.075,0.73125,,,0.371875,0.821875,,
TRAIN,/content/drive/MyDrive/TrainData/image07Mar22134357416984.jpg,DieseEngine1,0.2125,0.728125,,,0.496875,0.821875,,
TRAIN,/content/drive/MyDrive/TrainData/image07Mar22134357561215.jpg,DieseEngine1,0.34375,0.73125,,,0.621875,0.815625,,
TEST,/content/drive/MyDrive/TrainData/image07Mar22134357705833.jpg,DieseEngine1,0.465625,0.73125,,,0.753125,0.821875,,
TRAIN,/content/drive/MyDrive/TrainData/image07Mar22134357844501.jpg,DieseEngine1,0.578125,0.73125,,,0.86875,0.821875,,
TRAIN,/content/drive/MyDrive/TrainData/image07Mar22134357989295.jpg,DieseEngine1,0.69375,0.7375,,,0.984375,0.825,,
TRAIN,/content/drive/MyDrive/TrainData/image07Mar22134416408602.jpg,DieseEngine1,0.053125,0.728125,,,0.35,0.825,,
TRAIN,/content/drive/MyDrive/TrainData/image07Mar22134416551459.jpg,DieseEngine1,0.184375,0.73125,,,0.478125,0.821875,,
TRAIN,/content/drive/MyDrive/TrainData/image07Mar22134416698774.jpg,DieseEngine1,0.321875,0.73125,,,0.609375,0.821875,,
TRAIN,/content/drive/MyDrive/TrainData/image07Mar22134416844385.jpg,DieseEngine1,0.45625,0.734375,,,0.7375,0.821875,,
TEST,/content/drive/MyDrive/TrainData/image07Mar22134416985573.jpg,DieseEngine1,0.58125,0.734375,,,0.86875,0.825,,
TRAIN,/content/drive/MyDrive/TrainData/image07Mar22134435409914.jpg,DieseEngine1,0.125,0.73125,,,0.428125,0.81875,,
TRAIN,/content/drive/MyDrive/TrainData/image07Mar22134435555819.jpg,DieseEngine1,0.265625,0.728125,,,0.55,0.81875,,
TRAIN,/content/drive/MyDrive/TrainData/image07Mar22134435695469.jpg,DieseEngine1,0.39375,0.7375,,,0.684375,0.825,,
VALIDATION,/content/drive/MyDrive/TrainData/image07Mar22134435838603.jpg,DieseEngine1,0.528125,0.73125,,,0.80625,0.821875,,
TRAIN,/content/drive/MyDrive/TrainData/image07Mar22134435981456.jpg,DieseEngine1,0.653125,0.734375,,,0.94375,0.825,,
TRAIN,/content/drive/MyDrive/TrainData/image07Mar22134901129308.jpg,DieseEngine1,0.059375,0.73125,,,0.359375,0.81875,,
TRAIN,/content/drive/MyDrive/TrainData/image07Mar22134901272690.jpg,DieseEngine1,0.184375,0.73125,,,0.471875,0.821875,,
TRAIN,/content/drive/MyDrive/TrainData/image07Mar22135312264694.jpg,DieseEngine1,0.003125,0.734375,,,0.29375,0.821875,,
VALIDATION,/content/drive/MyDrive/TrainData/image07Mar22135312407506.jpg,DieseEngine1,0.1375,0.73125,,,0.43125,0.821875,,
VALIDATION,/content/drive/MyDrive/TrainData/image07Mar22135312552102.jpg,DieseEngine1,0.26875,0.728125,,,0.553125,0.81875,,
TRAIN,/content/drive/MyDrive/TrainData/image07Mar22135312699455.jpg,DieseEngine1,0.4,0.734375,,,0.68125,0.825,,
TRAIN,/content/drive/MyDrive/TrainData/image07Mar22135312838402.jpg,DieseEngine1,0.521875,0.734375,,,0.80625,0.821875,,
TRAIN,/content/drive/MyDrive/TrainData/image07Mar22135312978870.jpg,DieseEngine1,0.646875,0.7375,,,0.928125,0.821875,,
TRAIN,/content/drive/MyDrive/TrainData/image07Mar22135322120512.jpg,DieseEngine1,0.125,0.73125,,,0.41875,0.81875,,
TRAIN,/content/drive/MyDrive/TrainData/image07Mar22135322263440.jpg,DieseEngine1,0.259375,0.734375,,,0.546875,0.81875,,
TRAIN,/content/drive/MyDrive/TrainData/image07Mar22135322409702.jpg,DieseEngine1,0.39375,0.734375,,,0.678125,0.825,,
TRAIN,/content/drive/MyDrive/TrainData/image07Mar22135322552274.jpg,DieseEngine1,0.50625,0.7375,,,0.803125,0.825,,
TRAIN,/content/drive/MyDrive/TrainData/image07Mar22135322692232.jpg,DieseEngine1,0.625,0.7375,,,0.91875,0.828125,,
TRAIN,/content/drive/MyDrive/TrainData/image07Mar22135331691960.jpg,DieseEngine1,0.078125,0.73125,,,0.378125,0.821875,,
TEST,/content/drive/MyDrive/TrainData/image07Mar22135331836930.jpg,DieseEngine1,0.225,0.728125,,,0.5125,0.81875,,
TEST,/content/drive/MyDrive/TrainData/image07Mar22135331978518.jpg,DieseEngine1,0.3625,0.7375,,,0.646875,0.81875,,
TRAIN,/content/drive/MyDrive/TrainData/image07Mar22135332119343.jpg,DieseEngine1,0.49375,0.734375,,,0.778125,0.821875,,
TEST,/content/drive/MyDrive/TrainData/image07Mar22135332262048.jpg,DieseEngine1,0.621875,0.734375,,,0.903125,0.821875,,
TRAIN,/content/drive/MyDrive/TrainData/image07Mar22135341118664.jpg,DieseEngine1,0.01875,0.725,,,0.309375,0.821875,,
TRAIN,/content/drive/MyDrive/TrainData/image07Mar22135341260645.jpg,DieseEngine1,0.153125,0.734375,,,0.44375,0.821875,,
TRAIN,/content/drive/MyDrive/TrainData/image07Mar22135341404902.jpg,DieseEngine1,0.2875,0.734375,,,0.578125,0.821875,,
TRAIN,/content/drive/MyDrive/TrainData/image07Mar22135341554000.jpg,DieseEngine1,0.425,0.7375,,,0.703125,0.81875,,
TRAIN,/content/drive/MyDrive/TrainData/image07Mar22135341689071.jpg,DieseEngine1,0.55625,0.7375,,,0.8375,0.821875,,
TRAIN,/content/drive/MyDrive/TrainData/image07Mar22135341831993.jpg,DieseEngine1,0.68125,0.7375,,,0.971875,0.83125,,
TRAIN,/content/drive/MyDrive/TrainData/image07Mar22135350691754.jpg,DieseEngine1,0.059375,0.73125,,,0.35,0.821875,,
TRAIN,/content/drive/MyDrive/TrainData/image07Mar22135350832913.jpg,DieseEngine1,0.196875,0.734375,,,0.484375,0.821875,,
TRAIN,/content/drive/MyDrive/TrainData/image07Mar22135350973791.jpg,DieseEngine1,0.33125,0.734375,,,0.615625,0.821875,,
TRAIN,/content/drive/MyDrive/TrainData/image07Mar22135351118578.jpg,DieseEngine1,0.459375,0.734375,,,0.7375,0.821875,,
TRAIN,/content/drive/MyDrive/TrainData/image07Mar22135351259230.jpg,DieseEngine1,0.575,0.7375,,,0.86875,0.825,,
TRAIN,/content/drive/MyDrive/TrainData/image07Mar22135351402230.jpg,DieseEngine1,0.696875,0.734375,,,0.9875,0.825,,
TRAIN,/content/drive/MyDrive/TrainData/image07Mar22135822728577.jpg,DieseEngine1,0.084375,0.725,,,0.38125,0.81875,,
TRAIN,/content/drive/MyDrive/TrainData/image07Mar22140405428649.jpg,DieseEngine1,0.06875,0.73125,,,0.359375,0.821875,,
TRAIN,/content/drive/MyDrive/TrainData/image07Mar22140405578047.jpg,DieseEngine1,0.134375,0.728125,,,0.425,0.821875,,
TRAIN,/content/drive/MyDrive/TrainData/image07Mar22140405712488.jpg,DieseEngine1,0.1875,0.728125,,,0.475,0.821875,,
VALIDATION,/content/drive/MyDrive/TrainData/image07Mar22140405855280.jpg,DieseEngine1,0.246875,0.734375,,,0.525,0.821875,,
TRAIN,/content/drive/MyDrive/TrainData/image07Mar22140405998051.jpg,DieseEngine1,0.29375,0.734375,,,0.571875,0.81875,,
TRAIN,/content/drive/MyDrive/TrainData/image07Mar22140406142284.jpg,DieseEngine1,0.340625,0.73125,,,0.625,0.821875,,
TRAIN,/content/drive/MyDrive/TrainData/image07Mar22140406285839.jpg,DieseEngine1,0.384375,0.73125,,,0.66875,0.821875,,
TRAIN,/content/drive/MyDrive/TrainData/image07Mar22140406429535.jpg,DieseEngine1,0.425,0.73125,,,0.7125,0.81875,,
TRAIN,/content/drive/MyDrive/TrainData/image07Mar22140406571577.jpg,DieseEngine1,0.446875,0.728125,,,0.734375,0.821875,,
TRAIN,/content/drive/MyDrive/TrainData/image07Mar22140430139849.jpg,DieseEngine1,0.059375,0.728125,,,0.359375,0.825,,
TRAIN,/content/drive/MyDrive/TrainData/image07Mar22140430279943.jpg,DieseEngine1,0.1875,0.734375,,,0.475,0.81875,,
TRAIN,/content/drive/MyDrive/TrainData/image07Mar22140430422759.jpg,DieseEngine1,0.290625,0.734375,,,0.575,0.825,,
TRAIN,/content/drive/MyDrive/TrainData/image07Mar22140430565539.jpg,DieseEngine1,0.365625,0.734375,,,0.646875,0.81875,,
VALIDATION,/content/drive/MyDrive/TrainData/image07Mar22140430708412.jpg,DieseEngine1,0.421875,0.73125,,,0.709375,0.825,,
TRAIN,/content/drive/MyDrive/TrainData/image07Mar22140430857184.jpg,DieseEngine1,0.459375,0.73125,,,0.746875,0.828125,,
TEST,/content/drive/MyDrive/TrainData/image07Mar22140503560813.jpg,DieseEngine1,0.546875,0.73125,,,0.840625,0.83125,,
TRAIN,/content/drive/MyDrive/TrainData/image07Mar22140520922676.jpg,DieseEngine1,0.040625,0.73125,,,0.334375,0.825,,
TEST,/content/drive/MyDrive/TrainData/image07Mar22140521133425.jpg,DieseEngine1,0.1625,0.73125,,,0.45625,0.821875,,
TRAIN,/content/drive/MyDrive/TrainData/image07Mar22140521272012.jpg,DieseEngine1,0.28125,0.7375,,,0.5625,0.81875,,
TRAIN,/content/drive/MyDrive/TrainData/image07Mar22140521414764.jpg,DieseEngine1,0.371875,0.7375,,,0.659375,0.828125,,
TRAIN,/content/drive/MyDrive/TrainData/image07Mar22140521557678.jpg,DieseEngine1,0.453125,0.73125,,,0.734375,0.828125,,
TRAIN,/content/drive/MyDrive/TrainData/image07Mar22140521700508.jpg,DieseEngine1,0.515625,0.728125,,,0.80625,0.828125,,
TRAIN,/content/drive/MyDrive/TrainData/image07Mar22140521853076.jpg,DieseEngine1,0.5625,0.728125,,,0.853125,0.825,,
TRAIN,/content/drive/MyDrive/TrainData/image07Mar22140521988170.jpg,DieseEngine1,0.578125,0.734375,,,0.86875,0.828125,,
TRAIN,/content/drive/MyDrive/TrainData/image07Mar22140522128997.jpg,DieseEngine1,0.575,0.728125,,,0.865625,0.825,,
TEST,/content/drive/MyDrive/TrainData/image07Mar22140522271818.jpg,DieseEngine1,0.571875,0.73125,,,0.865625,0.828125,,
VALIDATION,/content/drive/MyDrive/TrainData/image07Mar22140522414875.jpg,DieseEngine1,0.571875,0.734375,,,0.86875,0.828125,,
TRAIN,/content/drive/MyDrive/TrainData/image07Mar22140522562032.jpg,DieseEngine1,0.571875,0.73125,,,0.871875,0.821875,,
TRAIN,/content/drive/MyDrive/TrainData/image07Mar22140522703512.jpg,DieseEngine1,0.571875,0.734375,,,0.865625,0.83125,,
TRAIN,/content/drive/MyDrive/TrainData/image07Mar22140522843129.jpg,DieseEngine1,0.575,0.73125,,,0.865625,0.8375,,
TRAIN,/content/drive/MyDrive/TrainData/image07Mar22141049682760.jpg,DieseEngine1,0.046875,0.728125,,,0.340625,0.825,,
TRAIN,/content/drive/MyDrive/TrainData/image07Mar22141050105371.jpg,DieseEngine1,0.246875,0.73125,,,0.5375,0.81875,,
TEST,/content/drive/MyDrive/TrainData/image07Mar22141050248167.jpg,DieseEngine1,0.303125,0.73125,,,0.5875,0.825,,
TRAIN,/content/drive/MyDrive/TrainData/image07Mar22141050391054.jpg,DieseEngine1,0.353125,0.73125,,,0.640625,0.828125,,
TRAIN,/content/drive/MyDrive/TrainData/image07Mar22141050536098.jpg,DieseEngine1,0.4125,0.73125,,,0.696875,0.821875,,
TRAIN,/content/drive/MyDrive/TrainData/image07Mar22141050679895.jpg,DieseEngine1,0.459375,0.728125,,,0.746875,0.821875,,
TRAIN,/content/drive/MyDrive/TrainData/image07Mar22141050819561.jpg,DieseEngine1,0.503125,0.73125,,,0.7875,0.825,,
TRAIN,/content/drive/MyDrive/TrainData/image07Mar22141105532419.jpg,DieseEngine1,0.2375,0.725,,,0.525,0.821875,,
TRAIN,/content/drive/MyDrive/TrainData/image07Mar22141105674510.jpg,DieseEngine1,0.35,0.73125,,,0.6375,0.828125,,
TRAIN,/content/drive/MyDrive/TrainData/image07Mar22141105817348.jpg,DieseEngine1,0.45,0.725,,,0.734375,0.821875,,
TRAIN,/content/drive/MyDrive/TrainData/image07Mar22141105968074.jpg,DieseEngine1,0.528125,0.728125,,,0.815625,0.825,,
TRAIN,/content/drive/MyDrive/TrainData/image07Mar22141106102936.jpg,DieseEngine1,0.5875,0.734375,,,0.88125,0.825,,
TRAIN,/content/drive/MyDrive/TrainData/image07Mar22141106245751.jpg,DieseEngine1,0.60625,0.734375,,,0.903125,0.828125,,
TRAIN,/content/drive/MyDrive/TrainData/image07Mar22141106388971.jpg,DieseEngine1,0.6,0.73125,,,0.903125,0.83125,,
VALIDATION,/content/drive/MyDrive/TrainData/image07Mar22141106531500.jpg,DieseEngine1,0.6,0.734375,,,0.896875,0.828125,,
TRAIN,/content/drive/MyDrive/TrainData/image07Mar22141106677419.jpg,DieseEngine1,0.6,0.728125,,,0.89375,0.83125,,
TRAIN,/content/drive/MyDrive/TrainData/image07Mar22141129670935.jpg,DieseEngine1,0.24375,0.725,,,0.53125,0.825,,
TRAIN,/content/drive/MyDrive/TrainData/image07Mar22141129814578.jpg,DieseEngine1,0.375,0.7375,,,0.665625,0.828125,,
TEST,/content/drive/MyDrive/TrainData/image07Mar22141129960648.jpg,DieseEngine1,0.478125,0.73125,,,0.76875,0.825,,
TEST,/content/drive/MyDrive/TrainData/image07Mar22141130107379.jpg,DieseEngine1,0.553125,0.7375,,,0.84375,0.83125,,
VALIDATION,/content/drive/MyDrive/TrainData/image07Mar22141130242863.jpg,DieseEngine1,0.59375,0.73125,,,0.884375,0.828125,,
TRAIN,/content/drive/MyDrive/TrainData/image07Mar22141130385155.jpg,DieseEngine1,0.596875,0.734375,,,0.8875,0.828125,,
TEST,/content/drive/MyDrive/TrainData/image07Mar22141130528022.jpg,DieseEngine1,0.5875,0.73125,,,0.89375,0.83125,,
TRAIN,/content/drive/MyDrive/TrainData/image07Mar22141130670787.jpg,DieseEngine1,0.59375,0.73125,,,0.884375,0.828125,,
TRAIN,/content/drive/MyDrive/TrainData/image07Mar22141144526044.jpg,DieseEngine1,0.24375,0.73125,,,0.534375,0.828125,,
VALIDATION,/content/drive/MyDrive/TrainData/image07Mar22141144678352.jpg,DieseEngine1,0.35,0.73125,,,0.6375,0.821875,,
TRAIN,/content/drive/MyDrive/TrainData/image07Mar22141144811590.jpg,DieseEngine1,0.434375,0.73125,,,0.71875,0.825,,
TEST,/content/drive/MyDrive/TrainData/image07Mar22141144954597.jpg,DieseEngine1,0.503125,0.73125,,,0.79375,0.821875,,
TRAIN,/content/drive/MyDrive/TrainData/image07Mar22141145097903.jpg,DieseEngine1,0.55625,0.73125,,,0.840625,0.825,,
TRAIN,/content/drive/MyDrive/TrainData/image07Mar22141145240179.jpg,DieseEngine1,0.55625,0.73125,,,0.84375,0.828125,,
TRAIN,/content/drive/MyDrive/TrainData/image07Mar22142007597243.jpg,DieseEngine1,0.553125,0.728125,,,0.840625,0.825,,
TRAIN,/content/drive/MyDrive/TrainData/image07Mar22142019883439.jpg,DieseEngine1,0.596875,0.73125,,,0.884375,0.825,,
VALIDATION,/content/drive/MyDrive/TrainData/image07Mar22142025215822.jpg,DieseEngine1,0.65625,0.734375,,,0.95,0.828125,,
TRAIN,/content/drive/MyDrive/TrainData/image07Mar22142031277935.jpg,DieseEngine1,0.74375,0.7375,,,0.996875,0.825,,
TRAIN,/content/drive/MyDrive/TrainData/image07Mar22142036942499.jpg,DieseEngine1,0.621875,0.734375,,,0.909375,0.828125,,
TRAIN,/content/drive/MyDrive/TrainData/image07Mar22142041961076.jpg,DieseEngine1,0.503125,0.73125,,,0.790625,0.825,,
TRAIN,/content/drive/MyDrive/TrainData/image07Mar22142046867994.jpg,DieseEngine1,0.44375,0.734375,,,0.73125,0.825,,
TRAIN,/content/drive/MyDrive/TrainData/image07Mar22142052196283.jpg,DieseEngine1,0.40625,0.73125,,,0.69375,0.81875,,
TRAIN,/content/drive/MyDrive/TrainData/image07Mar22142057347541.jpg,DieseEngine1,0.38125,0.73125,,,0.6625,0.825,,
TRAIN,/content/drive/MyDrive/TrainData/image07Mar22142114088331.jpg,DieseEngine1,0.340625,0.728125,,,0.625,0.81875,,
TRAIN,/content/drive/MyDrive/TrainData/image07Mar22142121414826.jpg,DieseEngine1,0.29375,0.728125,,,0.578125,0.821875,,
TRAIN,/content/drive/MyDrive/TrainData/image07Mar22142128817961.jpg,DieseEngine1,0.246875,0.728125,,,0.521875,0.821875,,
TRAIN,/content/drive/MyDrive/TrainData/image07Mar22142143920070.jpg,DieseEngine1,0.196875,0.728125,,,0.475,0.821875,,
TRAIN,/content/drive/MyDrive/TrainData/image07Mar22142150620350.jpg,DieseEngine1,0.165625,0.725,,,0.446875,0.821875,,
VALIDATION,/content/drive/MyDrive/TrainData/image07Mar22142155692391.jpg,DieseEngine1,0.13125,0.73125,,,0.421875,0.81875,,
TEST,/content/drive/MyDrive/TrainData/image07Mar22142207847991.jpg,DieseEngine1,0.10625,0.73125,,,0.396875,0.81875,,
TRAIN,/content/drive/MyDrive/TrainData/image07Mar22142234291825.jpg,DieseEngine1,0.08125,0.73125,,,0.365625,0.821875,,
TRAIN,/content/drive/MyDrive/TrainData/image07Mar22142241192066.jpg,DieseEngine1,0.05625,0.725,,,0.340625,0.825,,
TRAIN,/content/drive/MyDrive/TrainData/image07Mar22142247822972.jpg,DieseEngine1,0.0375,0.728125,,,0.328125,0.81875,,
TRAIN,/content/drive/MyDrive/TrainData/image07Mar22142254016428.jpg,DieseEngine1,0.159375,0.73125,,,0.440625,0.81875,,
TRAIN,/content/drive/MyDrive/TrainData/image07Mar22142300795904.jpg,DieseEngine1,0.19375,0.73125,,,0.475,0.821875,,
TRAIN,/content/drive/MyDrive/TrainData/image07Mar22142306685191.jpg,DieseEngine1,0.253125,0.73125,,,0.5375,0.821875,,
TRAIN,/content/drive/MyDrive/TrainData/image07Mar22142312041125.jpg,DieseEngine1,0.3125,0.734375,,,0.6,0.821875,,
TRAIN,/content/drive/MyDrive/TrainData/image07Mar22142317803679.jpg,DieseEngine1,0.371875,0.734375,,,0.653125,0.81875,,
TRAIN,/content/drive/MyDrive/TrainData/image07Mar22142324373415.jpg,DieseEngine1,0.4375,0.734375,,,0.728125,0.825,,
TRAIN,/content/drive/MyDrive/TrainData/image07Mar22142329844561.jpg,DieseEngine1,0.509375,0.73125,,,0.8,0.825,,
TRAIN,/content/drive/MyDrive/TrainData/image07Mar22142347613773.jpg,DieseEngine1,0.5125,0.73125,,,0.8,0.83125,,
TEST,/content/drive/MyDrive/TrainData/image07Mar22142354079600.jpg,DieseEngine1,0.58125,0.73125,,,0.878125,0.825,,
TRAIN,/content/drive/MyDrive/TrainData/image07Mar22142400148498.jpg,DieseEngine1,0.646875,0.734375,,,0.9375,0.828125,,
TRAIN,/content/drive/MyDrive/TrainData/image07Mar22142510658093.jpg,DieseEngine1,0.646875,0.7375,,,0.94375,0.83125,,
VALIDATION,/content/drive/MyDrive/TrainData/image07Mar22142640078689.jpg,DieseEngine1,0.646875,0.73125,,,0.94375,0.825,,
TRAIN,/content/drive/MyDrive/TrainData/image07Mar22142650570696.jpg,DieseEngine1,0.69375,0.7375,,,0.990625,0.834375,,
TRAIN,/content/drive/MyDrive/TrainData/image07Mar22142656987215.jpg,DieseEngine1,0.71875,0.734375,,,1.0,0.821875,,
TRAIN,/content/drive/MyDrive/TrainData/image07Mar22142703439398.jpg,DieseEngine1,0.653125,0.734375,,,0.94375,0.83125,,
TRAIN,/content/drive/MyDrive/TrainData/image07Mar22142710298560.jpg,DieseEngine1,0.596875,0.7375,,,0.884375,0.828125,,
TRAIN,/content/drive/MyDrive/TrainData/image07Mar22142717655021.jpg,DieseEngine1,0.5625,0.73125,,,0.85625,0.825,,
VALIDATION,/content/drive/MyDrive/TrainData/image07Mar22142723093269.jpg,DieseEngine1,0.5375,0.73125,,,0.821875,0.821875,,
TRAIN,/content/drive/MyDrive/TrainData/image07Mar22142728495787.jpg,DieseEngine1,0.50625,0.7375,,,0.79375,0.825,,
TRAIN,/content/drive/MyDrive/TrainData/image07Mar22142733858453.jpg,DieseEngine1,0.465625,0.734375,,,0.759375,0.81875,,
VALIDATION,/content/drive/MyDrive/TrainData/image07Mar22142739435650.jpg,DieseEngine1,0.434375,0.73125,,,0.728125,0.821875,,
TRAIN,/content/drive/MyDrive/TrainData/image07Mar22142744550495.jpg,DieseEngine1,0.40625,0.73125,,,0.69375,0.825,,
TRAIN,/content/drive/MyDrive/TrainData/image07Mar22142752088053.jpg,DieseEngine1,0.384375,0.73125,,,0.671875,0.825,,
TRAIN,/content/drive/MyDrive/TrainData/image07Mar22142757078268.jpg,DieseEngine1,0.375,0.73125,,,0.659375,0.825,,
TRAIN,/content/drive/MyDrive/TrainData/image07Mar22142801934061.jpg,DieseEngine1,0.346875,0.73125,,,0.640625,0.825,,
TRAIN,/content/drive/MyDrive/TrainData/image07Mar22142806701767.jpg,DieseEngine1,0.325,0.73125,,,0.6125,0.825,,
TRAIN,/content/drive/MyDrive/TrainData/image07Mar22142811800166.jpg,DieseEngine1,0.303125,0.7375,,,0.59375,0.83125,,
TRAIN,/content/drive/MyDrive/TrainData/image07Mar22142816972559.jpg,DieseEngine1,0.2875,0.725,,,0.565625,0.821875,,
TRAIN,/content/drive/MyDrive/TrainData/image07Mar22142821768914.jpg,DieseEngine1,0.271875,0.73125,,,0.559375,0.825,,
TRAIN,/content/drive/MyDrive/TrainData/image07Mar22142826869796.jpg,DieseEngine1,0.246875,0.73125,,,0.53125,0.821875,,
TRAIN,/content/drive/MyDrive/TrainData/image07Mar22142831448570.jpg,DieseEngine1,0.215625,0.734375,,,0.496875,0.815625,,
TRAIN,/content/drive/MyDrive/TrainData/image07Mar22142840551637.jpg,DieseEngine1,0.1875,0.734375,,,0.475,0.825,,
VALIDATION,/content/drive/MyDrive/TrainData/image07Mar22142856768928.jpg,DieseEngine1,0.19375,0.73125,,,0.478125,0.825,,
TRAIN,/content/drive/MyDrive/TrainData/image07Mar22142918253582.jpg,DieseEngine1,0.178125,0.73125,,,0.4625,0.821875,,
TRAIN,/content/drive/MyDrive/TrainData/image07Mar22142926348475.jpg,DieseEngine1,0.171875,0.73125,,,0.45,0.81875,,
TRAIN,/content/drive/MyDrive/TrainData/image07Mar22142933774592.jpg,DieseEngine1,0.153125,0.73125,,,0.440625,0.81875,,
TRAIN,/content/drive/MyDrive/TrainData/image07Mar22142942683047.jpg,DieseEngine1,0.121875,0.728125,,,0.40625,0.81875,,
TRAIN,/content/drive/MyDrive/TrainData/image07Mar22142953024977.jpg,DieseEngine1,0.103125,0.728125,,,0.390625,0.815625,,
TRAIN,/content/drive/MyDrive/TrainData/image07Mar22142959998316.jpg,DieseEngine1,0.084375,0.734375,,,0.375,0.81875,,
TRAIN,/content/drive/MyDrive/TrainData/image07Mar22143006088992.jpg,DieseEngine1,0.065625,0.73125,,,0.359375,0.825,,
TRAIN,/content/drive/MyDrive/TrainData/image07Mar22143013326187.jpg,DieseEngine1,0.046875,0.725,,,0.3375,0.821875,,
TRAIN,/content/drive/MyDrive/TrainData/image07Mar22143013326188.jpg,DieseEngine1,0.05625,0.73125,,,0.3375,0.83125,,
